committed_steps,mean_pieces,median_pieces,mean_lines,mean_score,mean_reward,survival_cap_rate
0,21.5,21.0,0.0625,6.25,-1.9160000000000001,0.0
253952,34.375,35.0,0.8125,81.25,-1.153125000000002,0.0
503808,44.375,44.0,3.9375,412.5,2.169374999999998,0.0
753664,39.75,39.5,4,400,2.0397499999999997,0.0
1003520,51,52.0,6.625,743.75,5.113500000000002,0.0
1253376,50.875,51.5,7.4375,806.25,5.9258749999999925,0.0
1503232,55.1875,56.0,10.125,1212.5,8.617687499999994,0.0
1753088,56.8125,51.5,9.6875,1200,8.0568125,0.0
2002944,54.8125,51.5,9.1875,1087.5,7.367312499999999,0.0
2252800,51.6875,46.0,8.25,1131.25,6.80168750000001,0.0
2502656,57.5,49.5,11.4375,1718.75,10.12,0.0
2752512,64.5,60.0,13.625,2112.5,12.627000000000004,0.0
3002368,66.125,64.0,15.25,2543.75,14.12862500000001,0.0
3252224,73.75,72.0,18.3125,3462.5,17.823750000000008,0.0
3502080,68,70.0,16.125,2568.75,14.755500000000007,0.0
3751936,62.5,58.0,13.25,1937.5,11.937500000000014,0.0
4001792,64.875,53.0,15.3125,3006.25,14.189874999999988,0.0
4251648,67,58.5,16.125,3556.25,14.817000000000002,0.0
4501504,86.4375,89.5,23.8125,4975,23.46143750000001,0.0
4751360,69.9375,58.0,16.9375,3262.5,16.257437499999995,0.0
5001216,76.375,68.0,20.5,4700,19.95137499999998,0.0
5251072,93.875,93.0,26.75,6656.25,26.093874999999983,0.0
5500928,88.875,70.5,25.375,7181.25,25.27637499999998,0.0
5750784,102.8125,77.0,30.75,12112.5,31.352812500000063,0.0
6000640,120.9375,102.0,36.3125,13387.5,37.05843750000005,0.0
6250496,129.3125,118.5,40.0625,14437.5,41.504312500000005,0.0
6500352,91.4375,75.5,25.9375,7475,25.77893750000002,0.0
6750208,164,90.5,55.1875,47718.75,57.85150000000005,0.0
7000064,133,97.0,41.125,18537.5,42.57050000000008,0.0
7254016,124.8125,93.0,38.0625,14793.75,39.312312500000054,0.0
7503872,112.875,100.5,33,10218.75,33.55037500000002,0.0
7753728,114.0625,86.0,34.5625,12212.5,35.11406250000001,0.0
8003584,124.9375,117.5,38.5,14550,39.43743750000003,0.0
8253440,102.1875,82.0,30.0625,10418.75,30.477187500000017,0.0
8503296,122.8125,111.0,37.75,13875,39.24781250000002,0.0
8753152,163.25,147.5,53.5,22668.75,55.97575000000004,0.0
9003008,157.0625,110.5,51.9375,25943.75,54.719562500000144,0.0
9252864,168.875,129.0,57.1875,37862.5,60.29387500000009,0.0
9502720,218.375,196.0,75.9375,48968.75,79.84337500000032,0.0
9752576,157.0625,124.5,52.1875,29143.75,54.03206250000014,0.0
10002432,187.9375,147.0,63.5,38981.25,66.12543750000019,0.0
